text,value
2-in Convertible,0.0
AV & Security Installation,255.1462
AV Receivers,0.0
Abdominal Trainers,0.0
Academic Courses,4.5356
Accent Chairs,0.0
Accent Furniture,0.0
Accent Tables,0.0
Accessories,0.0
Accessory Storage,0.0
Accounting & Finance,0.0
Acne & Blemish Treatments,0.0
Acne Tools,0.0
Action Cameras & Drones,0.0
Action Figures,0.0
Action Sports,0.0
Activewear,4.1392
Activity Trackers,0.0
Acupuncture,111.48910000000001
Acupuncture & Acupressure,0.0
Adult & Erotic,0.0
Aerobic Stepper,0.0
Africa & Middle East,0.0
African Restaurants,0.0
Aftershave,0.0
Air Conditioners,0.0
Air Conditioning Repair,0.0
Air Duct Cleaning,187.9466
Air Fresheners,0.0
Air Mattresses,0.0
Air Purifiers,0.0
Airport Parking,328.965
Airport Shuttle,0.0
All-in-One,0.0
American Restaurants,39.011199999999995
Amusement Parks,0.0
Anal Beads,0.0
Anal Douches,0.0
Anal Lubricants,0.0
Anal Plugs,0.0
Ankle & Booties,0.0
Ankle, Knee & Leg Support,0.0
Anniversary,0.0
Anniversary Rings,0.0
Antennas,0.0
Anti-Aging & Microdermabrasion,0.0
Antibiotics & Antiseptics,0.0
Antifungal,0.0
Apparel,0.0
Appetite Control,0.0
Appliance Repair,0.0
Appliances,0.0
Arcades,237.0759
Armoires,0.0
Aromatherapy Sets,0.0
Arousal Products,0.0
Art & Drawing Furniture,0.0
Art & Drawing Supplies,0.0
Art Classes,2.2188
Arthritis Gloves,0.0
Arts,30.3885
Arts & Entertainment,0.0
Asia & Pacific,0.0
Asian Restaurants,0.0
Athletic,0.0
Athletic Jackets,0.0
Athletic Underwear,0.0
Attraction Pass,123.50319999999999
Auto Body,0.0
Auto Detailing,297.7566
Auto Repair & Maintenance,0.0
Automotive,0.0
B12 Injection,34.3837
BB & CC Creams,0.0
BBQ Restaurants,0.0
Baby & Kid's Furniture,0.0
Baby & Kids,0.0
Baby Bedding,0.0
Baby Blankets & Quilts,0.0
Baby Carriers,0.0
Baby Health & Grooming,0.0
Baby Safety,0.0
Baby Toiletries,0.0
Baby Toys,0.0
Backpacks,0.0
Backup Batteries,0.0
Bag Accessories,0.0
Bags & Straps,0.0
Baits & Lures,0.0
Bakeries,0.0
Bakeware,0.0
Balance & Recovery,0.0
Balance Bikes & Pedal Cars,0.0
Balance Trainers,0.0
Balloons,0.0
Bandages & Gauze,0.0
Bands,5.999
Bangle,0.0
Bar Food,0.0
Barber Shop,10.25
Bars,13.737
Bars & Barstools,0.0
Base Layers,0.0
Baseball,0.0
Baseballs & Softballs,0.0
Basic,2.1996
Basketball,0.0
Bath & Body,0.0
Bath & Shower,0.0
Bath Accessories & Sets,0.0
Bath Bombs,0.0
Bath Houses,268.341
Bath Rugs,0.0
Bath Safety & Storage,0.0
Bath Salts & Soaks,0.0
Bath Towels,14.4277
Bath Toys,0.0
Bathrobes,0.0
Bathroom,0.0
Bathroom Remodeling,0.0
Bathroom Scales,0.0
Bathroom Storage,0.0
Batting Cages,0.0
Beach Towels,0.0
Beach Vacations,222.604
Bedding,0.0
Bedroom Design,0.0
Bedroom Furniture,0.0
Beds,0.0
Beds & Mats,0.0
Beer & Liquor,0.0
Behavioral Aids,0.0
Belts,0.0
Belts & Suspenders,0.0
Bibs & Burp Cloths,0.0
Bidet & Toilet Seats,0.0
Big City Vacations,80.8238
Bike & Segway Rentals & Tours,0.0
Bike Accessories,0.0
Bike Repair,0.0
Bikes,0.0
Bikini Wax,257.68190000000004
Bikinis,0.0
Bird Feeders & Baths,0.0
Bird Feeders & Food,0.0
Bird Supplies,0.0
Blankets,0.0
Blankets & Accessories,0.0
Blankets & Throws,0.0
Blazers,0.0
Blenders & Accessories,0.0
Blocks, Straps & Accessories,0.0
Blouses,0.0
Blowouts,9.6846
Blu Ray & DVD Players,0.0
Blush,0.0
Board Games,0.0
Boat Tours,479.7358
Boats & Water Sports,0.0
Body Brushes,0.0
Body Care,0.0
Body Lotion,0.0
Body Lotion & Butter,0.0
Body Massager,7.0203
Body Massagers,0.0
Body Moisturizers,0.0
Body Oil,0.0
Body Scrubs & Exfoliants,0.0
Body Sprays & Hair Mist,0.0
Body Treatments,0.0
Bolsters & Cuddler Beds,0.0
Bookcases,0.0
Books,56.9748
Booster,0.0
Booster Seats & Accessories,0.0
Boot Camps,0.0
Boots,0.0
Boots & Booties,0.0
Botox,1395.7932999999998
Bottle Feeding,0.0
Bottoms,0.0
Bowling,189.8669
Bowls & Feeders,0.0
Boxes & Holders,0.0
Boxing,0.0
Boxing & Kickboxing,39.4136
Boxing & MMA,0.0
Boyshorts,0.0
Bracelets,0.0
Bralettes & Bandeaus,0.0
Bras,0.0
Brazilian Restaurants,0.0
Brazilian Wax,120.9002
Breadmakers,0.0
Breast Augmentation,0.0
Breastfeeding,0.0
Breweries,0.0
Breweries, Wineries & Distilleries,0.0
Bridal Sets,0.0
Bridges & Routers,0.0
Briefcases & Laptop Bags,0.0
British Restaurants,0.0
Bronzer,0.0
Brows & Lashes,0.0
Brush Cleaner,0.0
Brushes & Applicators,0.0
Bubbles,0.0
Buffets & Sideboards,0.0
Buffets & Warmers,0.0
Building Sets & Blocks,0.0
Bulbs & Bare Root Plants,0.0
Bully Sticks & Natural Chews,15.798
Burlesque & Cabaret,0.0
Bus,0.0
Bus Tours & Rentals,143.9744
Business,0.0
Business Training,359.88980000000004
Button-Down,0.0
Button-Down Shirts,0.0
C-Rings,0.0
Cabinets,0.0
Cables & Chargers,0.0
Cables, Chargers & Adapters,0.0
Cacti & Succulents,0.0
Cafes,1.7385
Cafes & Treats,0.0
Calf & Arm Sleeves,6.8991
Calorie Burner & Thermogenics,0.0
Camera Lenses,0.0
Cameras,0.0
Camis,0.0
Camp Accessories,0.0
Camping Sacks & Duffels,0.0
Candles & Holders,0.0
Canvas,0.0
Canvas & Photo Art,154.17090000000002
Capris,0.0
Car Adapters,0.0
Car Care,0.0
Car Covers,0.0
Car Kits,0.0
Car Mounts,0.0
Car Rental,0.0
Car Safety & Security,4.5487
Car Seat & Stroller Toys,0.0
Car Wash,56.1896
Card & ID Cases,0.0
Card Games,0.0
Cardigans,0.0
Cardigans & Shrugs,0.0
Cardio Accessories,0.0
Cardio Training,0.0
Cards & Invitations,48.3398
Career,0.0
Cargo Carriers,0.0
Carpet Cleaning,119.7071
Carpet Installation,0.0
Carriers & Strollers,0.0
Carry-Ons,0.0
Cart Accessories,0.0
Cases,0.0
Casinos,26.1854
Casual,0.0
Casual Shoes,0.0
Casual Sneakers,0.0
Casual Socks,0.0
Cat Houses & Perches,0.0
Cat Scratchers,0.0
Cat Trees & Condos,0.0
Catering,0.0
Ceiling Fans,0.0
Cell Phone Accessories,0.0
Cell Phones,0.0
Cell Phones & Accessories,0.0
Cellulite,0.0
Cellulite Treatment,88.7529
Chains,0.0
Chainsaws,0.0
Chairs,0.0
Chairs & Recliners,0.0
Changing Tables,0.0
Charcoal,0.0
Charm,0.0
Child Care,0.0
Children & Young Adult,0.0
Chimney Cleaning,8.8753
Chinese Restaurants,0.0
Chips, Snacks & Cookies,0.0
Chiropractor,241.873
Chocolate,0.0
Chocolate & Candy Gifts,0.0
Christmas,0.0
Chrome,0.0
Chronograph,0.0
Cigars,2.13
Circus,0.0
City & Landmark Tours,103.1319
Classes,0.0
Classic Massage,50.2845
Classical,0.0
Cleaners & Accessories,0.0
Cleaning,0.0
Cleaning Services,0.0
Cleaning Tools & Chemicals,0.0
Cleanse,0.0
Cleansing Tools,0.0
Clip-Ons,0.0
Clips & Bobby Pins,0.0
Clitoral Suction,21.6159
Closet Storage,0.0
Clothing,0.0
Clothing & Accessories,1.2222
Clothing Organizers,0.0
Clothing Sets,0.0
Clubs,0.0
Clubs & Dance,0.0
Clutches & Special Occasion,0.0
Coccyx & Lumbar Cushions,0.0
Cocktail,0.0
Coffee,2.8596
Coffee & End Tables,0.0
Coffee Grinders,0.0
Coffee Makers,0.0
Coins & Paper Money,0.0
Cold Weather,0.0
Collars,0.0
Collections,0.0
Collections & Sets,0.0
Cologne,35.194900000000004
Cologne Gift Sets,0.0
Colonic Hydrotherapy,89.3983
Comedy,47.6248
Comforter Sets,0.0
Compasses,0.0
Complete Sets,0.0
Components,0.0
Compression Sleeves & Socks,0.0
Computer,0.0
Computer Accessories,0.0
Computer Keyboards,0.0
Computer Mice,0.0
Computer Repair,0.0
Concealer,0.0
Concerts,0.0
Console Accessories,0.0
Console Tables,0.0
Consultants,76.959
Contact Lens Solution & Cases,0.0
Contact Lenses,0.0
Contractors,0.0
Controllers,0.0
Convention,0.0
Convertible,0.0
Cookie Gifts,0.0
Cookies,0.0
Cooking Classes,163.0628
Cookware,0.0
Corn & Callus Treatment,0.0
Corsets & Girdles,0.0
Cosmetic Procedures,26.6933
Costumes,0.0
Cots & Hammocks,0.0
Couples Massage,2499.2164
Couples Toys,0.0
Cover-Ups,0.0
Covers & Ladders,0.0
Craft Kits & Activities,0.0
Crate Mats,0.0
Crates & Playpens,0.0
Crib Toys,0.0
Cross-Body,0.0
Crossfit,0.0
Cruise,0.0
Cryotherapy,133.0713
Cuff,0.0
Cuffs & Restraints,0.0
Cuffs & Wraps,0.0
Curl Enhancing,0.0
Curling Irons & Stylers,0.0
Custom Embosser Stamps,0.0
Custom Gifts,127.2627
Custom Massage,57.2492
Cutlery,0.0
Cycling,0.0
Dance Classes,45.6693
Dash & Backup Cameras,0.0
Day Spas,529.7907
Deck Boxes,0.0
Deck Repair,0.0
Deep Tissue Massage,775.8416
Dehumidifiers,0.0
Dehydrators,0.0
Demi,0.0
Dental Floss,0.0
Dental Implants,0.0
Dental Mouth Guards,0.0
Dental Tools & Kits,0.0
Dentist,174.88479999999998
Dermatologist,0.0
Desk Accessories,0.0
Desktop Computers,0.0
Detox & Superfoods,0.0
Detox Patches,0.0
Diamond Accent Jewelry,0.0
Diaper Bags,0.0
Diaper Cleanup & Organization,0.0
Diapers,0.0
Diffusers,0.0
Digital Cameras,0.0
Digital Marketing,0.0
Digital SLRs,0.0
Dildos,0.0
Diners,10.010000000000002
Dinner & Entertainment,249.7595
Dinnerware,0.0
Displays,0.0
Distilleries,34.3538
Diver,0.0
Diving & Snorkeling,0.0
Dock Stands & Cooling Pads,0.0
Docking Stations,0.0
Dog Supplies,0.0
Dolls,0.0
Door Locks,0.0
Doormats, Flags & Wind Chimes,0.0
Down & Alternative Comforters,5.321
Down & Parkas,0.0
Down Alternative Pillows,0.0
Down Pillows,0.0
Drain Cleaning,0.0
Drapery Cleaning,0.0
Dress,0.0
Dress & Trouser,0.0
Dress Up,0.0
Dressers & Chests,0.0
Dresses,0.0
Drink Accessories,0.0
Drinkware,0.0
Driving Lessons,102.94839999999999
Driving Range,6.3745
Drop & Dangle,3.3594
Drums & Percussion,0.0
Dry Bags,0.0
Dry Cleaning & Laundry,0.0
Dry Shampoos,0.0
Duvet Covers,0.0
E-Readers,0.0
E-Sports,0.0
Ear & Eye Care,0.0
Ear Aids,0.0
Ear Wax Removal,0.0
Earmuffs,0.0
Earring Jackets,0.0
Earrings,0.0
Educational & STEM Toys,0.0
Egg Cookers,0.0
Elastics,0.0
Electric,0.0
Electric Shavers & Trimmers,0.0
Electric Toothbrush Replacement Heads,0.0
Electric Toothbrushes,8.991
Electric Vehicles,0.0
Electrician,0.0
Electrolysis,0.0
Electronic Toys,0.0
Electronics,1300.1457
Electronics Repair,0.0
Elevated & Outdoor Beds,0.0
Ellipticals,0.0
Emergency Preparedness,0.0
Energy & Endurance,8.002
Energy Audit,0.0
Engagement,0.0
Entertainers & Walkers,0.0
Entertainment,0.0
Entryway Pieces,0.0
Entryway Racks,0.0
Escape Games,706.514
Espresso Makers,0.0
Ethernet Hubs & Switches,0.0
Europe,0.0
Event Rental Services,0.0
Exercise Balls,0.0
Exercise Bikes,0.0
Exercise Mats,0.0
Exhibitions,31.1418
Extension Cords & Power Strips,0.0
Exterior Accessories,0.0
Eye Brushes,0.0
Eye Cream,0.0
Eye Exam,0.0
Eye Makeup,0.0
Eye Masks,0.0
Eye Primer,0.0
Eye Serum,0.0
Eyebrow Embroidery,0.0
Eyebrow Threading,0.0
Eyebrow Threading & Tint,3.9938
Eyebrow Tinting,36.578
Eyebrow Wax & Tint,0.0
Eyebrows,0.0
Eyeglass Cleaners & Accessories,0.0
Eyelash Extensions,659.53
Eyelash Tinting,106.251
Eyelashes,0.0
Eyelid Surgery,0.0
Eyeliner,0.0
Eyeshadow, Palettes & Sets,0.0
Face & Skin Care,864.9072
Face Brushes,0.0
Face Masks,0.0
Face Palettes & Sets,0.0
Face Peels,0.0
Face Powder,0.0
Face Primer,0.0
Face Serums,7.3782
Face Wash,12.6034
Facelift,340.55449999999996
Facial,2420.9111
Facial Cleansing Oils,0.0
Facial Moisturizers,5.2301
Facial Oils,0.0
Facial Peel,0.0
Facial Scrubs & Exfoliators,0.0
Family Attractions,708.6906
Family Shows,121.98830000000001
Family Vacations,0.0
Fanny Packs,0.0
Fans,0.0
Fashion,0.0
Fashion & Beauty,0.0
Fashion Accessories,0.0
Fashion Rings,2.194
Fashion Scarves,0.0
Fashion Sneakers,0.0
Feeding,0.0
Feminine Care,0.0
Festivals,0.0
Fetch Toys,0.0
Figures & Figurines,0.0
Film,0.0
Film & TV,0.0
Filters,7.6291
Financial,0.0
Fire Pits & Outdoor Heaters,0.0
Fire Safety,0.0
Fireplaces,0.0
First Aid Kits,0.0
Fish Supplies,0.0
Fishing,24.937
Fishing Tools & Accessories,0.0
Fit & Flare,0.0
Fitness Classes,89.1573
Fixtures,0.0
Flashes,0.0
Flashlights,0.0
Flats,0.0
Flatware,0.0
Flea & Tick,0.0
Flight Tours,47.9975
Flip Flops,0.0
Flood Lights & Security Lights,0.0
Floor Mats,0.0
Flooring,0.0
Flowers,320.3483
Flying Lessons,165.6983
Flying Toys,0.0
Fondue,0.0
Food,7.9373
Food & Drink,29.2578
Food Storage,5.7484
Food Tours,0.0
Foot & Leg Massager,3.5984
Foot Care,0.0
Foot Creams & Treatments,0.0
Foot Massage,27.326
Football,0.0
For the Home,0.0
Foundation,3.1984
Frame & Day Packs,0.0
Framed Art,0.0
Framing,0.0
Freezers,0.0
French Restaurants,0.0
Full Body Massage,754.452
Full Coverage,0.0
Full Size,0.0
Fun & Leisure,39.75000000000001
Furniture Stores,0.0
GPS,0.0
GPS & Activity,0.0
GPS & Rangefinders,0.0
Gadgets & Utensils,1.4296
Gag Gifts,0.0
Galleries,0.0
Game Consoles,0.0
Game Room,0.0
Games,0.0
Games & Puzzles,0.0
Garage,0.0
Garage Door Repair,0.0
Garage Storage,0.0
Garden & Yard Tools,0.0
Garden Structures,0.0
Gardener,0.0
Gardening & Lawn Care,0.0
Gardening Apparel,0.0
Gas,0.0
Gates & Doors,0.0
Gel Manicure,0.0
Gels,0.0
General Contractors,0.0
General Seasons,0.0
Generators,0.0
German Restaurants,0.0
Getaways,0.0
Gift Bags & Wrapping Paper,0.0
Gift Sets,0.0
Girls' Costumes,0.0
Girls' Shoes,0.0
Glasses,0.0
Gloves,0.0
Gloves & Masks,0.0
Gloves & Mittens,0.0
Go Karts,37.0651
Goggles,3.6006
Golf,181.1373
Golf Balls,0.0
Graphic T-Shirts & Tanks,0.0
Greek Restaurants,0.0
Greenhouses,0.0
Griddles,0.0
Grill Covers,0.0
Grilling Accessories,0.0
Grills & Outdoor Cooking,0.0
Grinders,0.0
Groceries & Markets,748.4765
Grooming Tools,0.0
Guitars,0.0
Gum & Mints,0.0
Gummies,16.0977
Gutter Cleaning,0.0
Gymnastics,0.0
Gyms,13.1552
Gyms, Play Mats & Jumpers,0.0
HVAC & Electrical,0.0
Hair & Skin,0.0
Hair Accessories,0.0
Hair Brushes & Combs,0.0
Hair Care,0.0
Hair Care Sets,0.0
Hair Clippers,0.0
Hair Color,0.0
Hair Dryers,0.0
Hair Extensions & Wigs,0.0
Hair Loss,0.0
Hair Removal,33.0933
Hair Restoration,117.992
Hair Salons,605.9776
Hair Straighteners & Flat Irons,0.0
Hair Straightening,116.8373
Hair Thinning & Loss,0.0
Hair Tool Accessories,0.0
Haircut,218.8557
Hairspray,15.0368
Halloween,0.0
Hammocks & Lounge,0.0
Hand & Finger Support,0.0
Hand & Foot Lotion,0.0
Hand Tools,0.0
Hand Wash & Soap,0.0
Handbags,0.0
Handheld,0.0
Handyman,0.0
Hard & Crunchy,0.0
Hard Drives & Storage,0.0
Hardside,0.0
Hardware,0.0
Hardware & Fixtures,0.0
Hardwood Floor Cleaning,0.0
Harnesses,0.0
Hats,5.942
Hats & Caps,0.0
Haunted Houses & Tours,0.0
Head Massager,0.0
Headbands,0.0
Headboards,0.0
Headlamps,0.0
Headphone Accessories,0.0
Headsets,0.0
Headwear & Kerchiefs,0.0
Health & Beauty,937.4477
Health & Fitness,24.9634
Health & Immune Support,0.0
Health & Safety,0.0
Health Care,0.0
Health Clubs,0.0
Health Monitors & Tests,0.0
Heat Protectant,0.0
Heaters,0.0
Heating & Cooling,0.0
Heating & Cooling Beds,0.0
Helmets & Safety,0.0
Herbal Vitamins,0.0
High Chairs & Boosters,0.0
High Heeled Sandals,0.0
Highlighter,0.0
Hiking Packs,0.0
Hiphuggers,0.0
Hobbies & Crafts,0.0
Hobo,0.0
Hockey,0.0
Hockey & Ice Hockey,47.88
Holiday and Seasonal Tours,0.0
Home & Garden,0.0
Home Accents,0.0
Home Care & Cleaners,17.9896
Home Decor,23.5181
Home D�cor,0.0
Home Fragrance & Air Care,0.0
Home Gyms,0.0
Home Office Furniture,0.0
Home Safety & Security,0.0
Home Security & Surveillance,0.0
Home Speakers,0.0
Home Theater Accessories,0.0
Home Theater Cables,0.0
Home Theater Design,0.0
Hoodies,0.0
Hoodies & Sweatshirts,0.0
Hoop,10.8561
Horse Riding,74.7076
Hosiery,0.0
Hot & Cold Therapy,0.0
Hot Cocoa,0.0
Hot Plates,0.0
Hot Stone Massage,76.172
Hot/Cold Therapy,0.0
Hotel Spas,224.6677
Hotels & Accommodations,340.7203
House Cleaning,328.3094
House Painting,0.0
Housebreaking,0.0
Household Essentials,0.0
Houses & Kennels,0.0
Humidifiers,0.0
Hunting Accessories,0.0
Hunting Bags,0.0
Hybrid Mattresses,0.0
Hypnosis,0.0
IPL,166.9927
IT Certifications,0.0
Ice Cream,4.515
Ice Skating,10.5356
Illuminated Party Supplies,0.0
Imaging & Scans,290.3439
Indian Restaurants,25.5569
Indoor Hydroponics,0.0
Infant,0.0
Inflatables,0.0
Injectables & Fillers,1623.4938
Innerspring Mattresses,0.0
Inserts & Insoles,0.0
Inspection & Emissions,148.0802
Instant Print,0.0
Interactive Toys,0.0
Interior,0.0
Interior Design,0.0
Interior Organization & Accessories,0.0
Interior Painting,0.0
Internet Broadband,0.0
Intimates,0.0
Invisalign,0.0
Irish Restaurants,0.0
Irons & Garment Care,0.0
Italian Restaurants,18.7535
Italy,0.0
Jackets & Coats,0.0
Jackets & Sweaters,0.0
Japanese Restaurants,99.3412
Jazz & Blues,0.0
Jeans,4.2907
Jerky & Meat Snacks,0.0
Jewelry,0.0
Jewelry & Watches,0.0
Jewelry Storage,0.0
Jigsaw & Stacking,0.0
Juicers,0.0
Juices, Iced Tea & Milk,0.0
Junk Removal,0.0
Kayaking,0.0
Kayaking & Canoeing,0.0
Kegel Exercisers,0.0
Kettles,0.0
Keyboards,0.0
Keyboards & MIDI,0.0
Keychains,0.0
Kids,29.07
Kids Activities,28.3956
Kids Bikes,0.0
Kids Camps,0.0
Kids Classes,88.0463
Kids Fragrance,0.0
Kids Sports,43.2384
Kids Tents,0.0
Kitchen,0.0
Kitchen Accessories,8.5536
Kitchen Towels & Aprons,9.1994
Knee High,0.0
Knits & Tees,0.0
Knives & Tools,0.0
Korean Restaurants,0.0
LASIK,607.77
Labels,0.0
Lamps & Lighting,0.0
Landscaping,0.0
Language Courses,0.0
Lanterns,0.0
Laptop Accessories,0.0
Laser Assisted Weight Loss,103.3575
Laser Hair Removal,3509.4022
Laser Tag,10.9304
Latin & South America,0.0
Latin American Restaurants,31.2345
Latisse,0.0
Laundry,0.0
Laundry Storage,0.0
Lawn & Garden,0.0
Lawn Games,0.0
Leaf Blowers,0.0
Learning & Development Toys,0.0
Leashes,0.0
Leave In Conditioners,0.0
Leg Warmers,0.0
Leggings,0.0
Life Coach,0.0
Life Vests,0.0
Light Bulbs & Batteries,3.2497
Light Fixture Installation,0.0
Lighters,0.0
Lighting,6.1103
Lightweight Jackets,0.0
Limousine & Car Service,0.0
Lingerie,0.0
Link,0.0
Lip Gloss,0.0
Lip Liner,0.0
Lip Stain,0.0
Liposuction,513.6707
Lips,0.0
Lipstick,0.0
Litter & Accessories,0.0
Litter Boxes & Mats,0.0
Loafers & Slip-Ons,0.0
Local,0.0
Local Services,0.0
Locksmith,0.0
Logic & Multidimensional Puzzles,0.0
Lounge & Sleepwear,0.0
Luggage Accessories,0.0
Luggage Locks,0.0
Luggage Scales,0.0
Luggage Sets,0.0
Luggage Straps,0.0
Luggage Tags,0.0
MLB,0.0
Mac,27.96
Magazine Subscriptions,14.5461
Magazines,0.0
Magic,0.0
Makeup & Toiletry Bags,0.0
Makeup Application,0.0
Makeup Bags, Cases & Organizers,0.0
Makeup Brush Sets,0.0
Makeup Remover,0.0
Mani Pedi,0.0
Manual Toothbrushes,0.0
Marine Electronics,0.0
Martial Arts,0.0
Mascara,2.881
Masks,13.9246
Masonry Contractors,0.0
Massage,668.3979
Massage Accessories,0.0
Massage Oils & Lotions,0.0
Mattress & Pillow Protectors,0.0
Mattress Beds,0.0
Mattress Pads,0.0
Mattress Toppers,0.0
Mattress Toppers & Pads,0.0
Mattresses,0.0
Maxi,0.0
Maxi Dresses,0.0
Meal Prep,160.2845
Media & TV Stands,0.0
Medical,277.28589999999997
Mediterranean Restaurants,0.0
Memorabilia,0.0
Memory,0.0
Memory Foam & Gel Foam Mattresses,0.0
Memory Foam Pillows,4.62
Memory, Film & Accessories,0.0
Men,0.0
Men's Activewear,0.0
Men's Deodorants & Antiperspirants,0.0
Men's Shave,0.0
Men's Watches,0.0
Messenger Bags,0.0
Mexican Restaurants,0.0
Microphones & Recording,1.5122
Microsoft Office,0.0
Microwaves,0.0
Mid Calf,0.0
Middle Eastern Restaurants,0.0
Mini Golf,18.3658
Mirrors,0.0
Mixers,0.0
Mobility & Physical Therapy Aids,0.0
Money Clips,0.0
Monitors,0.0
Motorcycle & Moped,0.0
Motorsports,0.0
Motorsports / Racing,-3.1766000000000005
Mountain Biking,0.0
Mounts & Stands,0.0
Mounts, Shelves & Consoles,4.5601
Mouthwash & Rinses,0.0
Movers,129.1413
Movies & Music,0.0
Movies & TV,0.0
Multi-Vitamins,0.0
Multimedia, Audio & Video,0.0
Museums,415.06940000000003
Museums & Attractions,0.0
Music Festivals,0.0
NBA,0.0
NCAA,0.0
NFL,0.0
NHL,3.6415
Nail Designs,0.0
Nail Polish,0.0
Nail Salons,416.6592
Nail Sets & Designs,0.0
Nail Treatments & Remover,0.0
Natural Medicine,433.4903
Nebulizers & Vaporizers,0.0
Neck & Back Support,0.0
Neck & Cervical Pillows,0.0
Neckbands,0.0
Necklaces,8.6256
Night Out & Cocktail,0.0
Nightgowns & Sleepshirts,0.0
Nightlife,0.0
Nightstands,0.0
Nintendo,5.8176000000000005
Nipple Play,0.0
No-Chip Manicure,25.1047
Non-Fiction,0.0
Non-Surgical Facelifts,0.0
North America,0.0
Nose Clips & Swim Caps,0.0
Novelty,0.0
Novelty Jewelry,0.0
Novelty Lighting,0.0
Novelty Toys,0.0
Nursery Decor,0.0
Nursery Furniture,0.0
Nutritionist,0.0
Nuts, Trail Mix & Seeds,0.0
Office Electronics & Supplies,0.0
Oil Change,2347.3227
Oils,0.0
Oils & Serums,0.0
Oils & Tinctures,0.0
On-Ear,0.0
One-Pieces,0.0
Opera & Classical,0.0
Optics,0.0
Optometrist,24.4372
Oral Sex Toys,0.0
Organization,0.0
Organizers,0.0
Other Accessories,0.0
Other Music,278.74
Other Sports,100.8
Ottomans,0.0
Outdoor,0.0
Outdoor & Camping Trips,157.6922
Outdoor Activities,0.0
Outdoor Adventures & Tours,253.00719999999998
Outdoor Canopies & Tents,0.0
Outdoor Dining Tables & Bistro Sets,0.0
Outdoor D�cor,0.0
Outdoor Games,0.0
Outdoor Lighting,0.0
Outdoor Play,0.0
Outdoor Power Accessories,0.0
Outdoor Power Equipment,0.0
Outdoor Sofas, Chairs & Sectionals,0.0
Outdoor Storage,0.0
Outerwear & Suiting,0.0
Outlets & Accessories,0.0
Over The Knee,0.0
Over-Ear,0.0
Oxfords & Lace-ups,0.0
PC,0.0
Packing & Mailing,0.0
Packing Organizers,0.0
Pain & Fever,0.0
Paint & Wallpapers,0.0
Paintball,21.947
Panties,0.0
Pantry,0.0
Pants,2.8596
Paper Products,0.0
Paragliding,0.0
Parking,8.917
Party Favors,0.0
Party Speakers,0.0
Party Supplies,0.0
Patio Accessories & Gazebos,0.0
Patio Chairs & Benches,0.0
Patio Furniture,0.0
Patriotic,0.0
Paw & Nail Care,0.0
Pedicure,0.0
Pedicure Tools,0.0
Peds & Liners,0.0
Pendants,2.3794
Penis Pumps,0.0
Penis Sleeves & Extensions,0.0
Perfume,61.2528
Perfume Gift Sets,0.0
Permanent Makeup,192.1402
Permanent and Semi-Permanent Hair Color,0.0
Personal Care,0.0
Personal Development,0.0
Personal Protection,0.0
Personal Services,0.0
Personal Trainer,29.2179
Personalized Items,0.0
Personalized Necklaces,0.0
Pest Control,0.0
Pet Boarding,0.0
Pet Care,0.0
Pet Food Storage,0.0
Pet Grooming,0.0
Pet Health,0.0
Pet Stores & Services,0.0
Pet Supplies,0.0
Pet Vacuums & Hair Removal,0.0
Pets,0.0
Phone Repair,18.3361
Photo Blankets,0.0
Photo Books,108.8453
Photo Booth,0.0
Photo Studios,141.0743
Photographers,0.0
Physical Therapy,0.0
Physicals & Primary Care,0.0
Picture Frames,0.0
Piercing,0.0
Pilates,96.2161
Pill Organization,0.0
Pillows & Throws,0.0
Pills & Capsules,0.0
Pipes,0.0
Pizza,16.140900000000002
Planters,0.0
Plastic Surgery,0.0
Play & Drama,0.0
Play Sets,0.0
PlayStation,0.0
Playards,0.0
Playsets & Vehicles,0.0
Plumbers,0.0
Plumbing,0.0
Plush & Mice Toys,0.0
Plush Toys,0.0
Podiatrist,125.4941
Polish Restaurants,0.0
Polos,0.0
Pool & Water Fun,0.0
Pool Cleaning,0.0
Pool Halls,0.0
Pools,0.0
Pools & Water Fun,0.0
Portable,0.0
Portable Audio,0.0
Portable Speakers Accessories,0.0
Post Workout & Recovery,0.0
Posture Support,0.0
Potty Training,0.0
Powder,1.7982
Power,0.0
Power Tool Accessories,0.0
Power Tools,0.0
Power Washers,7.1994
Pregnancy & Fertility,3.6905
Prenatal Massage,0.0
Prescription & Reading Glasses,0.0
Pressure Cookers,0.0
Pressure Washing,0.0
Pretend Play,0.0
Print Shop,59.175799999999995
Printer Ink & Toner,0.0
Printers & Scanners,0.0
Professional Organizer,0.0
Programming,0.0
Project Management,46.2624
Projectors & Screens,0.0
Promise Rings,0.0
Prostate Massagers,0.0
Protein,0.0
Pubs,0.0
Puffer,0.0
Pull Up & Push Up Bars,0.0
Pullovers,0.0
Pulse Massagers,5.9397
Pumps,0.0
Push Up,0.0
Quilts & Coverlets,2.3912
RC Vehicles,0.0
RV,0.0
Racing,18.2678
Racks & Shelves,0.0
Racks & Storage,0.0
Radar Detectors,0.0
Rain,0.0
Range Extenders & Repeaters,0.0
Reading & Writing,0.0
Recreational Vehicle Rental,0.0
Red Wine,0.0
Reels,0.0
Reflexology,0.0
Refrigerators,0.0
Reiki,65.2096
Remodeling,0.0
Repair Kits & Tools,0.0
Repair Services,739.4568
Repellents,0.0
Resistance Bands,0.0
Restaurants,85.6698
Retail,19.2024
Rhinoplasty,0.0
Riding Toys,0.0
Rings,0.0
Roadside Assistance,0.0
Roasters & Rotisseries,0.0
Robots,0.0
Rock & Pop,50.6942
Rock Climbing,131.9232
Rockers & Ride-Ons,0.0
Rod & Reel Combos,0.0
Rolfing,0.0
Roller Skating,5.9827
Rollerballs & Purse Sprays,4.0002
Romantic Getaways,0.0
Roof Repair,0.0
Rope & Tug Toys,0.0
Rowers,0.0
Rubs, Ointments & Sprays,0.0
Rugs,0.0
Running Armbands,0.0
Running and Fun Runs,0.0
Safes,0.0
Safety & Survival,0.0
Sailing,0.0
Salon Packages,285.2105
Salons,82.66290000000001
Salt Caves,152.2408
Sandals,0.0
Sandboxes & Beach Toys,0.0
Sandwiches,0.0
Satchels,0.0
Saunas,223.7676
Scarves,0.0
Scooters, Skates & Skateboards,0.0
Screen Protectors,0.0
Scuba,0.0
Sculptures & Statues,0.0
Seafood Restaurants,42.9148
Seamless & No Show,0.0
Seasonal D�cor,0.0
Seasonal Outdoor,0.0
Seat Covers,2.2014
Seat Covers & Hammocks,0.0
Security,0.0
Security & Surveillance,0.0
Seeds,0.0
Self-Tanning,0.0
Selfie Sticks,0.0
Sensors & Alarms,0.0
Separates,0.0
Serveware,0.0
Sets,28.022
Setting Spray,0.0
Sewer Rodding,0.0
Sewing Machines,0.0
Sexual Health,10.5691
Sexual Supplements,0.0
Shampoo & Conditioners,31.9141
Shampoos & Conditioners,0.0
Shapewear,0.0
Shave,0.0
Shave Accessories,0.0
Shaving & Grooming,0.0
Sheds & Hideaways,0.0
Sheets,3.2499
Shiatsu Massage,0.0
Shift,0.0
Shirts & Tees,0.0
Shoe Accessories,0.0
Shoe Storage,0.0
Shoes,0.0
Shooting Range,32.189800000000005
Shorts,0.0
Shorts & Capris,0.0
Shower Curtains & Liners,0.0
Shower Gel & Body Wash,0.0
Shrugs,0.0
Siding Repair,0.0
Sightseeing & Tours,0.0
Ski Resorts,0.0
Skiing & Snowboarding,230.16299999999998
Skills & Hobbies,233.07850000000002
Skin Care,0.0
Skin Care Tools,0.0
Skirts,0.0
Skydiving,23.184
Sleep Masks,0.0
Sleep Wedges & Body Positioners,0.0
Sleeping Bags,0.0
Sleeping Pads,0.0
Sleepwear,0.0
Slimmers & Trainers,0.0
Slimming Belts,0.0
Slip Covers,4.5002
Slipper Socks,0.0
Slippers,4.3188
Slow Cookers,0.0
Small Animal Supplies,0.0
Small Appliances,0.0
Small Kitchen Appliances,0.0
Smartwatch Accessories,0.0
Smartwatches,0.0
Smoking Cessation,0.0
Smoothing,0.0
Snack Boxes,0.0
Sneakers,0.0
Snore Clips, Straps & Accessories,0.0
Snowblowers,0.0
Soaps,2.3998
Soccer,0.0
Socks,0.0
Socks & Crib Shoes,0.0
Socks & Hosiery,9.658999999999999
Socks & Tights,0.0
Sofas & Loveseats,0.0
Soft & Chewy Treats,0.0
Soils, Fertilizers & Mulches,0.0
Sound Machines,0.0
Soundbars,0.0
Spa Accessories,0.0
Spa Retreats,0.0
Spain,0.0
Spanish Restaurants,9.4529
Spas,688.6702
Speakers,0.0
Special Occasion,0.0
Specialty Appliances,0.0
Specialty Pillows,0.0
Spices, Seasoning & Salt,0.0
Spider Vein Treatment,76.6219
Spinning,0.0
Sponges & Applicators,0.0
Sport Earbuds,0.0
Sports,0.0
Sports & Outdoors,204.12
Sports Bars,0.0
Sports Bras,0.0
Sports Equipment,0.0
Sports Massage,58.6488
Sports Nutrition,0.0
Spray Tanning,18.7825
Sprays,0.0
Stackable,0.0
Stain & Odor Removers,0.0
Stand Up Paddleboarding,0.0
Stands & Mounts,0.0
Statement,0.0
Steakhouse,86.7308
Steamers,0.0
Steering Wheel Covers,0.0
Steps,0.0
Storage & Organization,0.0
Storage Accessories,0.0
Stove & Accessories,0.0
Stoves & Ranges,0.0
Strand,0.0
Strands,0.0
Strap Ons,0.0
Strapless & Backless,0.0
Strength Training,0.0
Stress & Anxiety,0.0
Stretch,0.0
Stretch Marks,0.0
Stringed Instruments,0.0
Strips,0.0
Strokers,15.1793
Stroller Accessories,0.0
Stud,41.8837
Stuffed Animals & Puppets,0.0
Styling,0.0
Styling Tool Sets,0.0
Stylus Pens,0.0
Subscription Boxes,0.0
Subscriptions,0.0
Suitcases,0.0
Suiting Accessories,0.0
Suits,8.4487
Suits & Sport Coats,0.0
Sunglasses,2.7187
Sunglasses & Eyewear,0.0
Sunscreen & After Sun Care,0.0
Sunshades & Windshield Covers,0.0
Supplements,0.0
Surge Protectors & Power,0.0
Sweaters,0.0
Sweaters & Cardigans,0.0
Sweatshirts,0.0
Swedish Massage,389.574
Sweets & Baskets,0.0
Swimming,56.0371
Swimwear,0.0
Swing Sets & Playsets,0.0
Systems,0.0
T-Shirts,0.0
T-Shirts & Tanks,0.0
TVs,0.0
Table Linens & Placemats,0.0
Tables,0.0
Tables & Sets,0.0
Tablets,0.0
Tailoring,0.0
Tank Tops,0.0
Tankinis,0.0
Tanks,0.0
Tanning Salons,154.3122
Tattoo,0.0
Tattoo Removal,128.9943
Tax,0.0
Taxi,0.0
Tea,0.0
Teeth Cleaning,22.8235
Teeth Whitening,245.35399999999998
Teeth Whitening Accessories,0.0
Temporary Hair Color,0.0
Tennis,0.0
Tennis & Racquet Sports,0.0
Tents & Shelters,0.0
Tents & Tunnels,0.0
Thai Massage,0.0
Thai Restaurants,0.0
Theater & Shows,17.12
Thermal Underwear,0.0
Thermals,0.0
Thermostats,0.0
Things To Do,0.0
Thongs & G-Strings,0.0
Throw Blankets,0.0
Tickets & Events,0.0
Tie Outs & Leads,0.0
Ties & Bow Ties,0.0
Tile Cleaning,0.0
Timers & Switches,0.0
Tires & Wheels,408.4719
Toaster Ovens,0.0
Toasters,0.0
Tobacco Accessories,2.2096
Toddler Feeding,0.0
Toilet Installation,0.0
Toiletry Bags,0.0
Toner,0.0
Tongue Scrapers,0.0
Toning,0.0
Tool Storage,0.0
Tools,0.0
Tools & Equipment,0.0
Tooth Polishers,0.0
Toothbrushes,0.0
Toothpaste,0.0
Tops,0.0
Tops & Bottoms,0.0
Tops & Costumes,0.0
Tops & T-Shirts,0.0
Tops & Tees,0.0
Totes,0.0
Tours & Air-Inclusive Packages,0.0
Towels,0.0
Toy Care & Storage,0.0
Toys,0.0
Track & Active Jackets,0.0
Train Cases,0.0
Training Aids,0.0
Training Equipment,0.0
Trampoline & Bounce Houses,1117.1113
Trampolines,0.0
Transportation,0.0
Traps,0.0
Trash & Recycling,0.0
Travel Pillows,0.0
Travel Pouches,0.0
Travel Systems,0.0
Treadmills,0.0
Treatments & Balms,0.0
Treatments & Serums,0.0
Trees,0.0
Tripods & Monopods,0.0
True Wireless,0.0
Tummy Tuck,0.0
Tunics,0.0
Tutoring,0.0
Tuxedos,0.0
Tweezers, Brow & Lash Tools,0.0
Umbrellas,0.0
Unboxed & Testers,0.0
Underarm Wax,0.0
Undershirts,0.0
Underwear,0.0
Underwear & Undershirts,0.0
Unisex,0.0
Unlocked,34.4442
Updos,0.0
Upholstery Cleaning,0.0
Upper Lip Wax,0.0
Vacuum Sealers,0.0
Vacuums,0.0
Vacuums & Floor Care,0.0
Value Sets,8.3187
Vanities & Benches,0.0
Vape Kits & Pens,0.0
Vaporizers & E-Cigs,0.0
Vegetarian Restaurants,0.0
Vests,0.0
Vibrators,16.7883
Video Game Accessories,0.0
Vision,17.118
Vitamins & Supplements,0.0
Vitamins A-Z,0.0
Volleyball,0.0
Volume & Texture,0.0
Waffle Irons,0.0
Wall Accents,0.0
Wallets,0.0
Wallets & Money Clips,0.0
Washers & Dryers,0.0
Waste Disposal,0.0
Watch Accessories,0.0
Water Based Lubricants,0.0
Water Bottles,0.0
Water Bottles & Hydration,0.0
Water Filtration,0.0
Water Flossers,0.0
Water Fountains,0.0
Water Heater Installation,0.0
Water Parks,1048.4963
Water Sports,86.56360000000001
Watering Equipment,0.0
Waterparks,0.0
Waterskiing, Wakeboarding & Towsports,0.0
Wax & Pomade,0.0
Wax Hair Removal,0.0
Wax, Wash & Polish,0.0
Waxing,88.3908
Weather Decor,0.0
Web & App Development,0.0
Webcams,0.0
Wedding Bands,0.0
Wedge,0.0
Weed & Moss Control,0.0
Weight Benches,0.0
Weight Loss,414.97839999999997
Weights,0.0
Wet Food,5.6016
White Wine,0.0
Window Cleaning,0.0
Window Treatments,0.0
Windshield & Windows,423.7066
Windshield Wipers,0.0
Wine,65.4737
Wine Bars,0.0
Wine Coolers,0.0
Wine Racks & Carts,0.0
Wine Tasting,139.4576
Winter Sports,0.0
Wired,0.0
Wireless & Unlined,0.0
Wireless Earbuds,0.0
Wireless Portable Speakers,0.0
Women's,0.0
Women's Activewear,0.0
Women's Athletic Shoes,0.0
Women's Deodorants & Antiperspirants,5.7596
Women's Shave,0.0
Wool & Blends,10.7356
Work & Safety,0.0
Work Lights,0.0
Wrap,0.0
Wraps & Braces,0.0
Wraps & Pashminas,0.0
Wrist, Arm & Shoulder Support,0.0
Wristlets,0.0
Writing,0.0
Yoga,81.0978
Yoga Mats,0.0
Zappers,0.0
Zip-Ups,0.0
Zoo,83.44800000000001
Zumba,0.0
iPod & MP3 Players,0.0
