,query
129489,massage
104461,great lodge wolf
111395,hotel
112201,hotels
152743,spa
57404,change oil
42115,botox
90472,facial
70788,couples massage
42915,bowling
143371,pizza
106140,hair laser removal
87092,escape room
69738,costco
120751,kids
141695,pedicure
115680,indoor waterpark
123101,laser
105868,hair
135993,nails
96492,food
103382,golf
81293,do things to
106748,haircut
153521,starbucks
67793,concert
150272,semaglutide
159777,zoo
104568,great wolf
96081,flowers
126738,loss weight
68064,concerts
91057,facials
12354,air urban
70420,couple massage
93878,filler lip
143067,pilates
108502,head spa
76076,day packages spa
152016,skyzone
147399,restaurants
149215,sams
132866,microneedling
158478,waterpark
138652,oil
155075,teeth whitening
76784,deals great lodge wolf
22268,aquarium
123070,las vegas
129530,massage me near spa
147334,restaurant
113728,hydrafacial
44348,brazilian wax
59973,chiropractor
155889,tint window
144353,pottery
119817,kalahari
122836,laptop
72890,cruise
95040,flags six
39231,boat
123696,lashes
158542,wax
104313,great
84136,dysport
82759,drainage lymphatic massage
140979,park water
14191,alignment wheel
13176,airport parking
147163,resort
106067,hair laser
53396,carpet cleaning
132661,microblading
151931,sky zone
42868,bowlero
130186,massages
156512,trampoline
128699,manicure
118544,jet ski
26059,atv
116893,ipl
109740,highlights
14665,all inclusive
91820,falls niagara
66558,color hair
74431,cut hair
93814,filler
94384,fishing
15593,amc
52040,car rental
159524,yoga
70295,couple day spa
88866,extensions eyelash
154910,tasting wine
52225,car wash
25734,atlantic city
70542,couples
76176,day spa
135876,nail
14044,alignment
134935,movies
141014,parking
51488,car detailing
145027,prp
157639,valvoline
107008,halloween
77285,deep massage tissue
135355,museum
159026,wine
123589,lash lift
89625,eyelash
80376,disney
106540,hair salon
152260,smog
105630,gym
58614,chemical peel
109070,helicopter
8866,activities
103478,golf mini
126180,llake
155875,tint
96787,foot massage
133004,microsoft office
142622,photo
132996,microsoft
120417,keratin
159125,wolf
158425,watching whale
134876,movie
50678,canvas
128669,mani pedi
151326,shutterfly
108000,haunted house
9232,acupuncture
157175,ultherapy
132113,message
140225,paintball
118210,jcpenney
158551,waxing
86868,escape
89713,eyelashes
51451,car detail
124488,legoland
140969,park trampoline
155995,tirzepatide
116783,iphone
142732,photography
43871,brakes
63719,cleaning house
99689,fun
66434,colonic
88960,extensions lash
62267,class cooking
65027,club sam
134857,movers
60313,christmas
132766,microdermabrasion
131308,medieval times
57271,change full oil synthetic
127471,lymphatic massage
121168,king spa
146767,removal tattoo
120139,kayak
119624,juvederm
63483,cleaning
123133,laser lipo
156278,tour
141401,patch pumpkin
14728,all inclusive resort
103586,golf top
123583,lash
85996,emsculpt
62801,classes cooking me near
155957,tires
67114,comedy
36904,birthday
125797,lipo
91955,family
32999,beach myrtle
17800,and busters dave
22770,arcade
106497,hair removal
135918,nail salon
159039,winery
159356,xeomin
57463,change oil synthetic
155914,tinting window
139451,orlando
11078,affordable beauty me near salons
50165,cancun
80569,disney world
149475,sauna
37165,birthday party
151958,skydiving
157500,vacation
118236,jcpenny
9030,activities kids
65033,club sams
70519,couple spa
58415,cheese chuck
153311,spray tan
149902,sculptra
94541,fitness
129047,marijuana medical
44192,brazilian
147245,resorts
79805,dinner
29189,balayage
70954,couples spa
137086,niagara
153974,studios universal
69099,coolsculpting
20094,and paint sip
145819,rage room
75497,date night
93949,fillers
127044,luau
111122,horseback riding
129803,massage prenatal
149958,sea world
68978,cool sculpting
140179,paint
134564,motel
150088,seaworld
138534,office
54433,castle spa
39813,boat rental
142031,perfume
157327,universal
136920,new york
150343,semiglutide
85334,electrolysis
158669,weightloss
105528,gun range
87439,estate real
139898,ozempic
52646,cards christmas
80580,disneyland
129897,massage scalp
11733,air balloon hot
154826,tanning
88779,extension eyelash
156328,tours
54586,catalina
55362,cedar point
121964,kybella
149188,sam
151275,shows
75081,dance
77905,dental
127462,lymphatic
58314,check smog
156603,travel
31076,baskets gift
72940,cruise dinner
19013,and facial massage
134476,morpheus
77746,dells wisconsin
78008,dentist
116732,ipad
146449,reflexology
149568,scalp
118587,jetski
70270,couple
87118,escape rooms
159738,zipline
64513,clips great
58835,chicago
101129,gatlinburg
80888,diving sky
80445,disney ice on
88916,extensions hair
38571,blowout brazilian
77270,deep massage me near tissue
40442,body full massage
139673,out wild
63842,cleaning teeth
87897,events halloween
95520,float
61201,circus
118663,jewelry
130038,massage thai
142418,phentermine
86582,envy massage
88094,exam eye
60386,christmas eve last orchestra siberia the trans
82751,drainage lymphatic
33581,beauty
123478,laser tag
77342,deep tissue
103005,go kart
27531,axe throwing
87835,event main
111045,horse
79464,diego san
151894,sky
39894,boat tour
62764,classes
140258,painting
158435,water
129966,massage spa
70451,couple massages
12130,air get
16397,amusement parks
149088,salon
134484,morpheus8
15925,american dream
114122,ice skating
50838,canyon grand
153006,spas
89520,eyebrows
140740,parasailing
107974,haunted
125724,lip
118813,jiffy lube
151652,ski
86477,entertainment
17882,and car detail wax
54161,casino
120454,keratin treatment
89394,eyebrow
154373,sushi
115601,indoor park water
158761,whale
141197,party
27790,b12
54630,catalina island
146554,reiki
81775,dollywood
134579,motels
8637,acrylic nails
134953,moving
62783,classes cooking
79495,diego san zoo
11931,air cleaning duct
62672,class pottery
136005,nails palace
132385,miami
73627,cryotherapy
45943,brunch
98017,forge pigeon
145146,puerto rico
49952,cana punta
157736,vegas
125881,liposuction
113862,hydrofacial
117559,iv therapy
136774,new orleans
151745,skin tightening
40736,body sculpting
38539,blowing glass
114282,ifly
68866,cooking
111374,hot yoga
117503,iv
51248,car
140036,package spa
62239,class
118194,jcp
109611,hifu
53356,carpet
59925,chiropractic
48579,cabin
52165,car tint
47324,bus party
132590,micro needling
118162,jc penny
90686,facial laser
90604,facial hydra
108433,head massage
40717,body scrub
43757,brake
157102,uber
75576,dave
153501,staples
43302,boxing
64296,climbing rock
78392,dermaplaning
154931,tattoo
106614,hair spa
134920,movie tickets
141138,parks water
124882,liberty of statue
50310,candle making
92002,family fun
109433,hershey park
43979,branson
46475,buffet
146000,range shooting
81475,dog grooming
26540,auto
65292,co2 laser
55039,cavitation
156315,tour wine
158485,waterparks
123768,lasik
143924,poconos
63544,cleaning dental
101881,getaway
12729,airport
68034,concert tickets
150665,sex toys
66376,colon
156977,tune up
93979,fillers lip
2765,2021 office
105109,groupon
157218,ultrasound
155726,tickets
109128,helicopter ride
101406,gel manicure
120171,kayaking
155054,teeth
44065,bras workout
154093,sugaring
148227,rockettes
61890,city pass
146492,regal
135261,murder mystery
7384,aaa
39824,boat ride
125510,limo
73337,cruises
119409,jump
105904,hair highlights
151126,shooting
150873,sheets
108165,hawaii
114074,ice
20420,andretti
73526,cryo
127165,luggage
9979,adult toys
68713,control pest
158656,weight
37374,bjs
146708,remote start
147515,restylane
40580,body massage
106468,hair prp
26678,auto detailing
91851,falls niagra
70859,couples massages
108691,healing reiki
120589,key west
19879,and manicure pedicure
116672,invisalign
95393,flights
152355,snorkeling
83171,drip iv
45673,brow lamination
124474,lego
149981,seafood
128295,makeup permanent
23900,art
129440,mass
38567,blowout
75449,date
112467,hotels las vegas
63606,cleaning duct
151633,skating
146747,removal skin tag
25990,attractions
55596,cellulite
52401,card gift
103029,go karts
95300,flight
33293,bear big
41277,book photo
159428,yacht
13722,alcatraz
47371,bus tour
78383,dermaplane
19785,and lash lift tint
94594,fitness planet
57550,changes oil
141764,peel vi
61859,city ocean
111100,horseback
45171,broadway
135510,museums
101962,getaways
106560,hair salons
16383,amusement park
116011,injections lip
28346,back horse riding
89984,face
157910,vibrator
128655,mani
19490,and hand stone
120695,kid
15332,altitude
22894,archery
15835,america mall of
15495,amazon
42749,bowl
120683,kickboxing
53316,carowinds
109545,hibachi
54930,cave salt
28302,back facial
42477,boudoir
35376,bentgo
81796,dolphin
98720,fraxel
69727,costa rica
17153,and bed breakfast
83458,driving school
151695,skin
49592,camelback
140413,palm springs
52050,car rentals
73307,cruise sunset
144669,prf
155463,theater
113206,houston loss medical tx weight
87883,events
43719,braids
142780,photoshoot
130470,mattress
145796,rafting
78789,detailing
141673,pedi
66293,cologne
137924,nutcracker
147906,rings
11344,agency staffing
103457,golf lessons
141713,pedicures
132902,microneedling rf
146269,recuiter
87971,everglades
128286,makeup
44528,breakfast
898,11 windows
132302,mexico
74044,cupping
149579,scalp treatment
60713,chuck
106601,hair skin tiara
47159,bus
48671,cabins
131091,med spa
66392,colon hydrotherapy
78763,detail
9649,adobe
100858,garden olive
146267,recruiting
158407,watch whale
63888,cleanse colon
37109,birthday kids
89652,eyelash lift
36488,bikini wax
101441,gel nails
55867,center fitness gym
137389,nioxin
102089,ghost tour
153276,sports youth
145757,radiesse
158317,walmart
23828,arrangements edible
89261,eye lashes
125284,light red therapy
147187,resort spa
8338,acne facial
153104,sphere
39482,boat duffy
83380,driving
148367,romantic
12417,airboat
157505,vacations
156205,topgolf
121605,knotts
61484,city dollar silver
113372,hr
65242,co2
21736,apple
39012,blush lip
52696,cards gift
77220,deep fishing sea
115625,indoor playground
141555,pdo
70884,couples message
64358,clinic loss medical pennsylvania weight
88831,extension lash
27485,axe
90776,facial massage
84355,earrings
111624,hotel las vegas
142655,photo shoot
142723,photographer
92739,fat
151235,show
123396,laser resurfacing
11792,air big
44808,brewery
108392,head japanese spa
81938,dominion kings
135698,my stuff
106780,haircut men
144457,ppc
121743,korean spa
101605,geneva lake
120843,kids party
9027,activities kid
134909,movie theater
132573,micro
144623,press silk
39835,boat rides
61024,cinemark
130018,massage swedish
147094,replacement windshield
109146,helicopter tour
122309,lagoon
114946,in massage me near walk
156467,train
117859,jam monster
129039,marijuana
105480,gun
106816,haircuts
101451,gel pedicure
12047,air duct
47396,busch gardens
142959,pictures
47639,butt lift
111334,hot springs
39774,boat party
149572,scalp spa
152898,spa world
95476,flip lip
133096,midas
52505,card marijuana medical
10169,adventure
107123,halloween tickets
52728,cards holiday
113945,hyperbaric
31943,bbl
55121,cbd
90659,facial ipl
104322,great hotel lodge waterpark wolf
14175,alignment tire
95775,florida
21427,antonio san
11066,affections photo
26670,auto detail
88660,express polar
21931,apple watch
128721,manicure pedicure
61843,city new york
158997,windows
150615,sev
81375,doctors loss weight
96030,flower
155547,therapy wood
109732,highlight
155943,tire
39896,boat tours
59897,chiro
72301,cream ice
153599,steak
61578,city go
138030,nyc
156557,transmission
155558,thermage
150060,seattle
75214,dancing pole
150649,sex
135525,music
149871,scuba
34320,bedding
116817,iphone repair
33175,beach virginia
118786,jfk parking
89152,eye
82221,dorney park
154420,swamp tour
43830,brake pads
108016,haunted houses
95595,float spa
145222,pumpkin
108634,headspa
154788,tan
119716,k1 speed
89493,eyebrow threading
52640,cards
156016,titanic
121195,kingdom magic
9755,adult
132891,microneedling prp
86903,escape game the
41784,boston
41497,booth photo
155110,tefl
111082,horse riding
109945,hilton
93599,fibroblast
156919,tubing
36391,bike rental
37118,birthday kids party
153273,sports water
40218,body contouring
151950,skydive
115998,injections
61958,city slick
62350,class dance
105733,gyms me near
147961,ripleys
36289,bike
159170,wonderworks
77431,defy
145093,psychic
96680,food tour
76430,dc washington
159222,workout
6849,90 massage minute
130877,me near studio yoga
150145,sedona
114514,illusions museum of
47533,busters dave
153867,stretch
148270,rod wave
156789,trips
78328,dermal filler
148926,safari
127430,lyft
27910,baby
9092,activity
21902,apple picking
61795,city md ocean
130527,maui
154088,sugar wax
135846,nad
53813,cart go
149307,sandbox vr
136241,nashville
96734,foot
144106,pool
79754,dining
102493,glass
52030,car remote starter
81216,do kids things to with
71450,course spanish
53906,carts go
99072,frequency radio
15820,america great
83318,drivers ed
151720,skin tag
142689,photobook
146710,remote starter
106812,haircut women
117882,jamaica
105725,gymnastics
143649,play
81412,dog
123429,laser sev
15940,american dream mall
122118,la zoo
152126,slingshot
81917,dominican republic
158897,wild
95601,float tank
123369,laser removal tattoo
83712,dubai
118534,jet rental ski
134259,monterey
130590,maxwell
93319,fest fright
78602,design web
143621,plata puerto
90394,facelift
24342,arts martial
141564,pdo threads
125956,liquivida
32197,beach
148623,round
149145,salsa
81097,do fun things to
98607,francisco san
122476,lake tahoe
110511,hollywoods museum wax
62889,classes excel
71484,courses excel online
78335,dermal fillers
69481,corral golden
34166,bed dog
4467,365 microsoft
69753,costco membership
116295,inspection state
58016,charter fishing
24377,aruba
159014,windshield
106215,hair lazer removal
152349,snorkel
91415,fair state
138761,oktoberfest
22468,aquarium of pacific the
74536,cuts hair
86002,emsculpt neo
85926,empire kids
53371,carpet cleaner
135933,nail salons
56088,center science
125190,lift thread
41357,books photo
109685,high roller
142762,photos
85966,ems
129173,marketing
96183,flush transmission
17794,and buster dave
39157,board paddle
153265,sports
16304,amusement
71311,course golf
89795,eyeliner permanent
99569,full highlights
67186,comedy show
148119,roadhouse texas
148608,rotation tire
55870,center fitness the
144567,prenatal
52755,cards photo
110771,honolulu
39818,boat rentals
48757,cabo
45839,brows
125146,lift pdo thread
155651,threading
104964,grooming pet
53758,cars rental
134208,monster truck
124387,leg wax
111246,hot massage stone
42033,botanical garden
4483,365 office
49828,camping
97470,for mac microsoft office
125617,line zip
60491,christmas lights
50695,canvas demand on
140736,parasail
38494,blow out
30287,bar ice
45614,brow
155909,tinting
95609,float therapy
2969,2024 office
142563,phone repair
127651,mac microsoft office
61297,cirque
151680,skiing
31421,batteries
113632,hvac
99651,full synthetic
69012,coolant flush
123899,launch
134041,mole removal
113620,hut pizza
117123,island kings
40483,body full wax
67247,comforter
154227,sunglasses
153605,steakhouse
112060,hotel spa
142162,personal trainer
147502,resturants
72315,cream ice museum
126360,lodging
140063,packages spa
128730,manicure russian
105196,groupons my
129536,massage me near therapeutic
59717,china lights
153584,stay
140801,park
88233,exercise
35522,berry farm knotts
72790,crossfit
116918,ipl photofacial
121747,korn
111369,hot wheels
73510,cruz santa
109423,hershey
90406,facelift lift thread
110301,holiday inn
16571,anakeesta
39023,blushing lip
92313,farm
128092,maid
50760,canvas prints
90144,face laser
29294,balian springs
90175,face lift
152536,sojo
150247,sema
152268,smog test
82136,doordash
42220,botox hair
50525,cannon nick
20653,angeles los
101257,gaylord
142548,phone
25769,atlantic city hotels
12390,airbnb
125678,lining zip
99728,fun kids
111806,hotel new york
89446,eyebrow microblading
64255,climbing
154061,subway
145803,rafting water white
14733,all inclusive resorts
16663,ancestry
44024,branson mo
66328,cologne men
16101,amf
122322,lagoon splash
111844,hotel nyc
78872,detox foot
69384,corn maze
63852,cleaning upholstery
131998,meow wolf
129989,massage sports
156533,trans
62841,classes dance me near
59633,chin double
132749,microderm
156088,toddler
18281,and color cut hair
26350,augustine st
159558,yosemite
157456,usher
33426,bearizona
130054,massage therapy
56459,certification
159742,ziplining
130742,md reiki
62991,classes me near photography
52166,car tint window
39364,boat cruise
25493,atlanta
25690,atlanta zoo
150644,sewing
79053,dexa
29398,ballet
138399,odysea
71951,cpr
113476,hulu
59393,children
139292,orchestra siberian trans
140953,park theme
30827,bartending
101372,gel
89173,eye filler under
119607,juvaderm
59466,children museum
78186,depot home
71470,courses
133142,midevil times
158647,wegovy
26151,atv riding
89247,eye lash
129524,massage me near scalp
1792,15 area
57615,chao de fogo
116272,inspection
127698,macbook
49995,canada falls niagara
63865,cleaning window
44398,brazillian wax
131525,melting pot
89414,eyebrow lamination
152505,software
64638,clothes
47524,buster dave
42537,bounce
138683,oil synthetic
90836,facial microdermabrasion
127472,lymphatic massage me near
8128,accupuncture
38465,blow dry
91439,fair valley
132846,microneedle
90680,facial korean
98671,franklin kirk
137309,nike
123309,laser pico
12171,air inclusive
135497,museum wax
63702,cleaning home
44322,brazilian steakhouse
154740,take
132154,messages
157753,vein
90616,facial hydro
125914,lips
131195,medical
101955,getaway weekend
158611,wedding
40100,body
